# 보안계정, loIP
jphwang,192.168.4.100
wshwang,192.168.4.101
sahwang,192.168.4.102
sdhwang,192.168.4.103
chhong,192.168.4.104
sjhong,192.168.4.105
shhyeon,192.168.4.106
smheo,192.168.4.107
chhan,192.168.4.108
jshan,192.168.4.109
shhan,192.168.4.110
syhan,192.168.4.111
dyhan,192.168.4.112
chha,192.168.4.113
user000,192.168.4.114
hjchoi,192.168.4.115
hbchoi,192.168.4.116
test9,192.168.4.117
jhchoi94,192.168.4.118
jgchoi,192.168.4.119
test24,192.168.4.120
djchoi,192.168.4.121
dichoi,192.168.4.122
test19,192.168.4.123
test14,192.168.4.124
wscha,192.168.4.125
zalhae,192.168.4.126
test8,192.168.4.127
jycho,192.168.4.128
trollking,192.168.4.129
test3,192.168.4.130
test32,192.168.4.131
test23,192.168.4.132
test18,192.168.4.133
test13,192.168.4.134
hjjung,192.168.4.135
hgjeong,192.168.4.136
wsjung,192.168.4.137
rcjung,192.168.4.138
dhjeong,192.168.4.139
khjeong,192.168.4.140
jwjeon,192.168.4.141
jhjeon,192.168.4.142
smjeon,192.168.4.143
ehjang,192.168.4.144
tylee,192.168.4.145
cjlee,192.168.4.146
test7,192.168.4.147
julee,192.168.4.148
jelee,192.168.4.149
jslee,192.168.4.150
jtlee,192.168.4.151
jclee,192.168.4.152
ijlee,192.168.4.153
ihlee,192.168.4.154
test2,192.168.4.155
wwlee,192.168.4.156
test31,192.168.4.157
test1004,192.168.4.158
sylee,192.168.4.159
smlee,192.168.4.160
sblee,192.168.4.161
sjlee,192.168.4.162
sjlee95,192.168.4.163
smlee83,192.168.4.164
test4,192.168.4.165
test22,192.168.4.166
mjlee,192.168.4.167
mylee,192.168.4.168
test17_copy(1),192.168.4.169
test17,192.168.4.170
test17_copy(3),192.168.4.171
test17_copy(2),192.168.4.172
test17_copy(4),192.168.4.173
gglee91,192.168.4.174
test12,192.168.4.175
ylee,192.168.4.176
jhyoon,192.168.4.177
shyoon,192.168.4.178
ssyoon,192.168.4.179
byyoon_b,192.168.4.180
byyoon,192.168.4.181
yunda,192.168.4.182
wsyoo,192.168.4.183
sjyoo,192.168.4.184
ksyoo,192.168.4.185
smoh,192.168.4.186
sgyeo,192.168.4.187
msyang,192.168.4.188
gwyang,192.168.4.189
hcan,192.168.4.190
jwahn,192.168.4.191
ksahn,192.168.4.192
eyshim,192.168.4.193
hcshin,192.168.4.194
hjshin,192.168.4.195
test10,192.168.4.196
test34,192.168.4.197
sjshin,192.168.4.198
jphwang,192.168.4.100
wshwang,192.168.4.101
sahwang,192.168.4.102
sdhwang,192.168.4.103
chhong,192.168.4.104
sjhong,192.168.4.105
shhyeon,192.168.4.106
smheo,192.168.4.107
chhan,192.168.4.108
jshan,192.168.4.109
shhan,192.168.4.110
syhan,192.168.4.111
dyhan,192.168.4.112
chha,192.168.4.113
user000,192.168.4.114
hjchoi,192.168.4.115
hbchoi,192.168.4.116
test9,192.168.4.117
jhchoi94,192.168.4.118
jgchoi,192.168.4.119
test24,192.168.4.120
djchoi,192.168.4.121
dichoi,192.168.4.122
test19,192.168.4.123
test14,192.168.4.124
wscha,192.168.4.125
zalhae,192.168.4.126
test8,192.168.4.127
jycho,192.168.4.128
trollking,192.168.4.129
test3,192.168.4.130
test32,192.168.4.131
test23,192.168.4.132
test18,192.168.4.133
test13,192.168.4.134
hjjung,192.168.4.135
hgjeong,192.168.4.136
wsjung,192.168.4.137
rcjung,192.168.4.138
dhjeong,192.168.4.139
khjeong,192.168.4.140
jwjeon,192.168.4.141
jhjeon,192.168.4.142
smjeon,192.168.4.143
ehjang,192.168.4.144
tylee,192.168.4.145
cjlee,192.168.4.146
test7,192.168.4.147
julee,192.168.4.148
jelee,192.168.4.149
jslee,192.168.4.150
jtlee,192.168.4.151
jclee,192.168.4.152
ijlee,192.168.4.153
ihlee,192.168.4.154
test2,192.168.4.155
wwlee,192.168.4.156
test31,192.168.4.157
test1004,192.168.4.158
sylee,192.168.4.159
smlee,192.168.4.160
sblee,192.168.4.161
sjlee,192.168.4.162
sjlee95,192.168.4.163
smlee83,192.168.4.164
test4,192.168.4.165
test22,192.168.4.166
mjlee,192.168.4.167
mylee,192.168.4.168
test17_copy(1),192.168.4.169
test17,192.168.4.170
test17_copy(3),192.168.4.171
test17_copy(2),192.168.4.172
test17_copy(4),192.168.4.173
gglee91,192.168.4.174
test12,192.168.4.175
ylee,192.168.4.176
jhyoon,192.168.4.177
shyoon,192.168.4.178
ssyoon,192.168.4.179
byyoon_b,192.168.4.180
byyoon,192.168.4.181
yunda,192.168.4.182
wsyoo,192.168.4.183
sjyoo,192.168.4.184
ksyoo,192.168.4.185
smoh,192.168.4.186
sgyeo,192.168.4.187
msyang,192.168.4.188
gwyang,192.168.4.189
hcan,192.168.4.190
jwahn,192.168.4.191
ksahn,192.168.4.192
eyshim,192.168.4.193
hcshin,192.168.4.194
hjshin,192.168.4.195
test10,192.168.4.196
test34,192.168.4.197
sjshin,192.168.4.198
jphwang,192.168.4.100
wshwang,192.168.4.101
sahwang,192.168.4.102
sdhwang,192.168.4.103
chhong,192.168.4.104
sjhong,192.168.4.105
shhyeon,192.168.4.106
smheo,192.168.4.107
chhan,192.168.4.108
jshan,192.168.4.109
shhan,192.168.4.110
syhan,192.168.4.111
dyhan,192.168.4.112
chha,192.168.4.113
user000,192.168.4.114
hjchoi,192.168.4.115
hbchoi,192.168.4.116
test9,192.168.4.117
jhchoi94,192.168.4.118
jgchoi,192.168.4.119
test24,192.168.4.120
djchoi,192.168.4.121
dichoi,192.168.4.122
test19,192.168.4.123
test14,192.168.4.124
wscha,192.168.4.125
zalhae,192.168.4.126
test8,192.168.4.127
jycho,192.168.4.128
trollking,192.168.4.129
test3,192.168.4.130
test32,192.168.4.131
test23,192.168.4.132
test18,192.168.4.133
test13,192.168.4.134
hjjung,192.168.4.135
hgjeong,192.168.4.136
wsjung,192.168.4.137
rcjung,192.168.4.138
dhjeong,192.168.4.139
khjeong,192.168.4.140
jwjeon,192.168.4.141
jhjeon,192.168.4.142
smjeon,192.168.4.143
ehjang,192.168.4.144
tylee,192.168.4.145
cjlee,192.168.4.146
test7,192.168.4.147
julee,192.168.4.148
jelee,192.168.4.149
jslee,192.168.4.150
jtlee,192.168.4.151
jclee,192.168.4.152
ijlee,192.168.4.153
ihlee,192.168.4.154
test2,192.168.4.155
wwlee,192.168.4.156
test31,192.168.4.157
test1004,192.168.4.158
sylee,192.168.4.159
smlee,192.168.4.160
sblee,192.168.4.161
sjlee,192.168.4.162
sjlee95,192.168.4.163
smlee83,192.168.4.164
test4,192.168.4.165
test22,192.168.4.166
mjlee,192.168.4.167
mylee,192.168.4.168
test17_copy(1),192.168.4.169
test17,192.168.4.170
test17_copy(3),192.168.4.171
test17_copy(2),192.168.4.172
test17_copy(4),192.168.4.173
gglee91,192.168.4.174
test12,192.168.4.175
ylee,192.168.4.176
jhyoon,192.168.4.177
shyoon,192.168.4.178
ssyoon,192.168.4.179
byyoon_b,192.168.4.180
byyoon,192.168.4.181
yunda,192.168.4.182
wsyoo,192.168.4.183
sjyoo,192.168.4.184
ksyoo,192.168.4.185
smoh,192.168.4.186
sgyeo,192.168.4.187
msyang,192.168.4.188
gwyang,192.168.4.189
hcan,192.168.4.190
jwahn,192.168.4.191
ksahn,192.168.4.192
eyshim,192.168.4.193
hcshin,192.168.4.194
hjshin,192.168.4.195
test10,192.168.4.196
test34,192.168.4.197
sjshin,192.168.4.198
eyshim,192.168.4.193
hcshin,192.168.4.194
hjshin,192.168.4.195
test10,192.168.4.196
test34,192.168.4.197
sjshin,192.168.4.198